{
  "IcoMoonType": "selection",
  "icons": [
    {
      "icon": {
        "paths": [
          "M640 576c105.87 0 201.87 43.066 271.402 112.598l-90.468 90.468c-46.354-46.356-110.356-75.066-180.934-75.066s-134.578 28.71-180.934 75.066l-90.468-90.468c69.532-69.532 165.532-112.598 271.402-112.598zM187.452 507.452c120.88-120.88 281.598-187.452 452.548-187.452s331.668 66.572 452.55 187.452l-90.51 90.508c-96.706-96.704-225.28-149.96-362.040-149.96-136.762 0-265.334 53.256-362.038 149.962l-90.51-90.51zM988.784 134.438c106.702 45.132 202.516 109.728 284.782 191.996v0l-90.508 90.508c-145.056-145.056-337.92-224.942-543.058-224.942-205.14 0-398 79.886-543.058 224.942l-90.51-90.51c82.268-82.266 178.082-146.862 284.784-191.994 110.504-46.738 227.852-70.438 348.784-70.438s238.278 23.7 348.784 70.438zM576 896c0 35.346 28.654 64 64 64s64-28.654 64-64v0c0-35.346-28.654-64-64-64s-64 28.654-64 64v0z"
        ],
        "attrs": [
          {}
        ],
        "width": 1280,
        "isMulticolor": false,
        "isMulticolor2": false,
        "grid": 0,
        "tags": [
          "connection"
        ]
      },
      "attrs": [
        {}
      ],
      "properties": {
        "order": 18,
        "id": 18,
        "name": "connection",
        "prevSize": 32,
        "code": 59663
      },
      "setIdx": 0,
      "setId": 0,
      "iconIdx": 0
    },
    {
      "icon": {
        "paths": [
          "M128 512l256-256h-128l-256 256 256 256h128zM768 256h-128l256 256-256 256h128l256-256zM544 128l-160 768h96l160-768z"
        ],
        "attrs": [
          {}
        ],
        "isMulticolor": false,
        "isMulticolor2": false,
        "grid": 0,
        "tags": [
          "code"
        ]
      },
      "attrs": [
        {}
      ],
      "properties": {
        "order": 19,
        "id": 17,
        "name": "code",
        "prevSize": 32,
        "code": 59664
      },
      "setIdx": 0,
      "setId": 0,
      "iconIdx": 1
    },
    {
      "icon": {
        "paths": [
          "M136.294 750.93c-75.196 0-136.292 61.334-136.292 136.076 0 75.154 61.1 135.802 136.292 135.802 75.466 0 136.494-60.648 136.494-135.802-0.002-74.742-61.024-136.076-136.494-136.076zM0.156 347.93v196.258c127.784 0 247.958 49.972 338.458 140.512 90.384 90.318 140.282 211.036 140.282 339.3h197.122c-0.002-372.82-303.282-676.070-675.862-676.070zM0.388 0v196.356c455.782 0 826.756 371.334 826.756 827.644h196.856c0-564.47-459.254-1024-1023.612-1024z"
        ],
        "attrs": [
          {}
        ],
        "isMulticolor": false,
        "isMulticolor2": false,
        "grid": 0,
        "tags": [
          "feed"
        ]
      },
      "attrs": [
        {}
      ],
      "properties": {
        "order": 17,
        "id": 16,
        "name": "feed",
        "prevSize": 32,
        "code": 59665
      },
      "setIdx": 0,
      "setId": 0,
      "iconIdx": 2
    },
    {
      "icon": {
        "paths": [
          "M864 128l-480 480-224-224-160 160 384 384 640-640z"
        ],
        "attrs": [
          {}
        ],
        "isMulticolor": false,
        "isMulticolor2": false,
        "grid": 0,
        "tags": [
          "checkmark"
        ]
      },
      "attrs": [
        {}
      ],
      "properties": {
        "order": 2,
        "id": 15,
        "name": "checkmark",
        "prevSize": 32,
        "code": 59648
      },
      "setIdx": 0,
      "setId": 0,
      "iconIdx": 3
    },
    {
      "icon": {
        "paths": [
          "M256 320c0 141.385 114.615 256 256 256s256-114.615 256-256v0c0-141.385-114.615-256-256-256s-256 114.615-256 256v0zM768 640h-512c-141.384 0-256 114.618-256 256v64h1024v-64c0-141.382-114.616-256-256-256z"
        ],
        "attrs": [
          {}
        ],
        "isMulticolor": false,
        "isMulticolor2": false,
        "grid": 0,
        "tags": [
          "user3"
        ]
      },
      "attrs": [
        {}
      ],
      "properties": {
        "order": 5,
        "id": 14,
        "name": "user",
        "prevSize": 32,
        "code": 59649
      },
      "setIdx": 0,
      "setId": 0,
      "iconIdx": 4
    },
    {
      "icon": {
        "paths": [
          "M0 0v143.938l512 291.938 512-291.938v-143.938h-1024zM0 236v422.062l260.812-273.376-260.812-148.686zM1024 236l-260.812 148.688 260.812 273.374v-422.062zM332.438 425.562l-332.438 348.438h1024l-332.438-348.438-179.562 102.376-179.562-102.376z"
        ],
        "attrs": [
          {}
        ],
        "isMulticolor": false,
        "isMulticolor2": false,
        "grid": 0,
        "tags": [
          "envelope"
        ]
      },
      "attrs": [
        {}
      ],
      "properties": {
        "order": 7,
        "id": 13,
        "name": "envelope",
        "prevSize": 32,
        "code": 59650
      },
      "setIdx": 0,
      "setId": 0,
      "iconIdx": 5
    },
    {
      "icon": {
        "paths": [
          "M600.106 0c-226.646 0-410.398 183.722-410.398 410.366 0 80.53 23.188 155.652 63.266 219.032-0.294 0.128-0.584 0.244-0.878 0.376l-241.178 242.29 151.688 151.688 247.608-248.784c-0.056-0.26-0.13-0.522-0.188-0.784 56.828 29.752 121.492 46.578 190.080 46.578 226.646 0 410.368-183.752 410.368-410.398-0.002-226.642-183.722-410.364-410.368-410.364zM600.106 182.3c125.956 0 228.036 102.112 228.036 228.066s-102.080 228.066-228.036 228.066c-125.954 0-228.064-102.112-228.064-228.066s102.11-228.066 228.064-228.066v0z"
        ],
        "attrs": [
          {}
        ],
        "isMulticolor": false,
        "isMulticolor2": false,
        "grid": 0,
        "tags": [
          "search3"
        ]
      },
      "attrs": [
        {}
      ],
      "properties": {
        "order": 8,
        "id": 12,
        "name": "search",
        "prevSize": 32,
        "code": 59651
      },
      "setIdx": 0,
      "setId": 0,
      "iconIdx": 6
    },
    {
      "icon": {
        "paths": [
          "M1014.662 822.66c-0.004-0.004-0.008-0.008-0.012-0.010l-310.644-310.65 310.644-310.65c0.004-0.004 0.008-0.006 0.012-0.010 3.344-3.346 5.762-7.254 7.312-11.416 4.246-11.376 1.824-24.682-7.324-33.83l-146.746-146.746c-9.148-9.146-22.45-11.566-33.828-7.32-4.16 1.55-8.070 3.968-11.418 7.31 0 0.004-0.004 0.006-0.008 0.010l-310.648 310.652-310.648-310.65c-0.004-0.004-0.006-0.006-0.010-0.010-3.346-3.342-7.254-5.76-11.414-7.31-11.38-4.248-24.682-1.826-33.83 7.32l-146.748 146.748c-9.148 9.148-11.568 22.452-7.322 33.828 1.552 4.16 3.97 8.072 7.312 11.416 0.004 0.002 0.006 0.006 0.010 0.010l310.65 310.648-310.65 310.652c-0.002 0.004-0.006 0.006-0.008 0.010-3.342 3.346-5.76 7.254-7.314 11.414-4.248 11.376-1.826 24.682 7.322 33.83l146.748 146.746c9.15 9.148 22.452 11.568 33.83 7.322 4.16-1.552 8.070-3.97 11.416-7.312 0.002-0.004 0.006-0.006 0.010-0.010l310.648-310.65 310.648 310.65c0.004 0.002 0.008 0.006 0.012 0.008 3.348 3.344 7.254 5.762 11.414 7.314 11.378 4.246 24.684 1.826 33.828-7.322l146.746-146.748c9.148-9.148 11.57-22.454 7.324-33.83-1.552-4.16-3.97-8.068-7.314-11.414z"
        ],
        "attrs": [
          {}
        ],
        "isMulticolor": false,
        "isMulticolor2": false,
        "grid": 0,
        "tags": [
          "close"
        ]
      },
      "attrs": [
        {}
      ],
      "properties": {
        "order": 9,
        "id": 11,
        "name": "close",
        "prevSize": 32,
        "code": 59652
      },
      "setIdx": 0,
      "setId": 0,
      "iconIdx": 7
    },
    {
      "icon": {
        "paths": [
          "M192 128l640 384-640 384z"
        ],
        "attrs": [
          {}
        ],
        "isMulticolor": false,
        "isMulticolor2": false,
        "grid": 0,
        "tags": [
          "play"
        ]
      },
      "attrs": [
        {}
      ],
      "properties": {
        "order": 10,
        "id": 9,
        "name": "play",
        "prevSize": 32,
        "code": 59653
      },
      "setIdx": 0,
      "setId": 0,
      "iconIdx": 8
    },
    {
      "icon": {
        "paths": [
          "M575.87 1024h-191.87v-512h-128v-176.45l128-0.058-0.208-103.952c0-143.952 39.034-231.54 208.598-231.54h141.176v176.484h-88.23c-66.032 0-69.206 24.656-69.206 70.684l-0.262 88.324h158.69l-18.704 176.45-139.854 0.058-0.13 512z"
        ],
        "attrs": [
          {}
        ],
        "isMulticolor": false,
        "isMulticolor2": false,
        "grid": 0,
        "tags": [
          "facebook"
        ]
      },
      "attrs": [
        {}
      ],
      "properties": {
        "order": 11,
        "id": 8,
        "name": "facebook",
        "prevSize": 32,
        "code": 59654
      },
      "setIdx": 0,
      "setId": 0,
      "iconIdx": 9
    },
    {
      "icon": {
        "paths": [
          "M235.278 248.72c-50.792 0-94.484 16.806-131.084 50.416-38.086 35.852-57.14 80.66-57.14 134.436 0 35.852 10.376 69.462 31.294 100.832 18.674 29.126 38.18 47.806 63.778 56.024v2.242c-25.598 10.448-36.966 36.59-36.966 78.418 0 32.124 11.372 56.022 36.966 71.708v2.242c-70.654 23.146-102.992 66.094-102.992 128.83 0 54.534 23.748 94.488 70.066 119.878 36.59 20.172 83.578 30.254 140.346 30.254 138.17 0 207.406-57.882 207.406-173.664 0-72.446-53.322-116.882-160.128-133.316-24.646-3.726-43.286-12.696-55.982-26.89-9.708-9.708-14.542-19.418-14.542-29.126 0-27.632 14.958-43.696 44.82-48.176 45.558-6.714 82.728-27.824 111.486-63.296 28.75-35.48 43.13-77.118 43.13-124.916 0-14.938-4.518-30.996-10.488-48.172 19.418-4.488 33.050-8.594 43.292-12.332l0-115.392c-45.054 17.928-86.99 26.884-122.842 26.884-31.374-17.922-63.824-26.884-100.42-26.884zM247.602 807.77c62.744 0 94.104 19.042 94.104 57.14 0 40.336-28.754 60.492-86.264 60.492-65.724 0-98.586-19.422-98.586-58.254-0.002-39.59 30.244-59.378 90.746-59.378zM239.76 512c-47.054 0-70.586-25.764-70.586-77.308 0-55.262 23.532-82.906 70.586-82.906 22.402 0 39.958 8.596 52.652 25.768 10.458 15.69 15.69 34.36 15.69 56.022 0 52.278-22.786 78.424-68.342 78.424zM580.384 0c-21.656 0-40.14 8.214-55.454 24.648-15.314 16.436-22.97 36.216-22.97 59.376 0 22.41 7.658 41.82 22.97 58.258 15.308 16.434 33.792 24.64 55.454 24.64 20.91 0 39.028-8.208 54.34-24.64 15.312-16.438 22.96-35.848 22.96-58.258 0-23.16-7.648-42.944-22.96-59.376-15.318-16.434-33.43-24.648-54.34-24.648zM643.13 255.998h-126.606c1.496 14.336-0.64 36.042-0.64 71.14v348.432c0 35.856 2.136 64.774 0.64 76.036h126.606c-1.5-16.376-5.394-44.668-5.394-82.758v-343.946c-0.006-32.864 3.894-54.568 5.394-68.904zM922.336 644.2c-32.872 0-49.082-25.028-49.082-75.066v-206.64h49.864c8.96 0 17.032-0.492 27.118 0.246 10.086 0.748 14.152 0.25 19.278 0.25v-106.99h-96.258v-47.616c0-17.922 2.816-34.302 5.054-44.542h-129.958c2.242 10.24 2.028 25.876 2.028 46.79l-0 45.368h-56.32v106.988c15.364-2.24 29.090-3.356 38.796-3.356l17.524 1.118v202.786c0 62.742 7.958 108.672 23.636 137.8 20.922 38.84 57.622 58.258 112.136 58.258 38.848 0 73.118-7.464 98.714-22.41v-112.032c-20.474 12.7-39.382 19.048-62.53 19.048z"
        ],
        "attrs": [
          {}
        ],
        "isMulticolor": false,
        "isMulticolor2": false,
        "grid": 0,
        "tags": [
          "github"
        ]
      },
      "attrs": [
        {}
      ],
      "properties": {
        "order": 12,
        "id": 7,
        "name": "github",
        "prevSize": 32,
        "code": 59655
      },
      "setIdx": 0,
      "setId": 0,
      "iconIdx": 10
    },
    {
      "icon": {
        "paths": [
          "M384 832h-128v-448h128v448zM320 320c-35.346 0-64-28.654-64-64s28.654-64 64-64 64 28.654 64 64-28.654 64-64 64zM832 832h-128v-256c0-35.346-28.654-64-64-64s-64 28.654-64 64v256h-128v-448h128v79.472c26.398-36.264 66.752-79.472 112-79.472 79.53 0 144 71.634 144 160v288z"
        ],
        "attrs": [
          {}
        ],
        "isMulticolor": false,
        "isMulticolor2": false,
        "grid": 0,
        "tags": [
          "linkedin"
        ]
      },
      "attrs": [
        {}
      ],
      "properties": {
        "order": 13,
        "id": 6,
        "name": "linkedin",
        "prevSize": 32,
        "code": 59656
      },
      "setIdx": 0,
      "setId": 0,
      "iconIdx": 11
    },
    {
      "icon": {
        "paths": [
          "M1024 194.418c-37.676 16.708-78.164 28.002-120.66 33.080 43.372-26 76.686-67.17 92.372-116.23-40.596 24.078-85.556 41.56-133.41 50.98-38.32-40.83-92.922-66.34-153.346-66.34-116.022 0-210.088 94.058-210.088 210.078 0 16.466 1.858 32.5 5.44 47.878-174.6-8.764-329.402-92.4-433.018-219.506-18.084 31.028-28.446 67.116-28.446 105.618 0 72.888 37.088 137.192 93.46 174.866-34.438-1.092-66.832-10.542-95.154-26.278-0.020 0.876-0.020 1.756-0.020 2.642 0 101.788 72.418 186.696 168.522 206-17.626 4.8-36.188 7.372-55.348 7.372-13.538 0-26.698-1.32-39.528-3.772 26.736 83.46 104.32 144.206 196.252 145.896-71.9 56.35-162.486 89.934-260.916 89.934-16.958 0-33.68-0.994-50.116-2.94 92.972 59.61 203.402 94.394 322.042 94.394 386.422 0 597.736-320.124 597.736-597.744 0-9.108-0.206-18.168-0.61-27.18 41.056-29.62 76.672-66.62 104.836-108.748z"
        ],
        "attrs": [
          {}
        ],
        "isMulticolor": false,
        "isMulticolor2": false,
        "grid": 0,
        "tags": [
          "twitter"
        ]
      },
      "attrs": [
        {}
      ],
      "properties": {
        "order": 14,
        "id": 5,
        "name": "twitter",
        "prevSize": 32,
        "code": 59657
      },
      "setIdx": 0,
      "setId": 0,
      "iconIdx": 12
    },
    {
      "icon": {
        "paths": [
          "M836.792 486.084h-648.584c-103.106 0-186.676 83.668-186.676 186.728v150.048c0 103.072 83.572 186.708 186.676 186.708h648.584c103.090 0 186.678-83.636 186.678-186.708v-150.048c-0.002-103.058-83.59-186.728-186.678-186.728zM324.472 602.898h-60.294v299.63h-58.276v-299.63h-60.244v-50.966h178.816v50.966zM494.79 902.53h-51.65v-28.358c-9.604 10.482-19.516 18.49-29.854 23.892-10.336 5.62-20.298 8.24-30.016 8.24-11.998 0-20.916-3.812-27.022-11.56-6.008-7.728-9.068-19.19-9.068-34.67v-216.206h51.682v198.432c0 6.122 1.14 10.514 3.192 13.234 2.23 2.814 5.778 4.118 10.646 4.118 3.744 0 8.562-1.822 14.374-5.436 5.86-3.664 11.2-8.236 16.066-13.918v-196.46h51.65v258.692zM682.41 849.104c0 18.28-4.052 32.326-12.176 42.128-8.056 9.782-19.86 14.598-35.126 14.598-10.158 0-19.21-1.822-27.054-5.63-7.896-3.744-15.336-9.524-22.124-17.516v19.808h-52.284v-350.56h52.284v112.904c7-7.812 14.406-13.872 22.138-17.94 7.894-4.136 15.84-6.154 23.878-6.154 16.346 0 28.812 5.47 37.442 16.492 8.66 11.018 12.972 27.182 12.972 48.346v143.524h0.050zM861.664 779.414h-98.888v48.738c0 13.594 1.676 23.048 5.044 28.324 3.468 5.292 9.264 7.862 17.534 7.862 8.594 0 14.538-2.23 18.004-6.69 3.304-4.492 5.094-14.276 5.094-29.496v-11.77h53.212v13.268c0 26.52-6.446 46.508-19.516 59.966-12.862 13.352-32.232 19.972-57.984 19.972-23.18 0-41.458-7.044-54.742-21.256-13.218-14.13-19.974-33.732-19.974-58.668v-116.178c0-22.366 7.376-40.76 22.026-54.856 14.62-14.098 33.418-21.146 56.582-21.146 23.668 0 41.87 6.514 54.564 19.6 12.68 13.104 19.044 31.876 19.044 56.386v65.944z",
          "M785.842 682.708c-8.236 0-14.114 2.296-17.696 7.132-3.662 4.54-5.372 12.32-5.372 23.178v26.142h45.676v-26.142c0-10.858-1.824-18.654-5.454-23.178-3.482-4.82-9.292-7.132-17.154-7.132z",
          "M607.562 681.828c-3.662 0-7.356 0.814-10.938 2.508-3.628 1.626-7.162 4.362-10.68 7.91v161.122c4.168 4.168 8.272 7.374 12.26 9.21 3.988 1.76 8.122 2.77 12.518 2.77 6.348 0 10.97-1.838 13.952-5.534 2.928-3.682 4.444-9.524 4.444-17.808v-133.58c0-8.788-1.758-15.366-5.422-19.904-3.792-4.444-9.164-6.694-16.134-6.694z",
          "M273.13 396.248h65.504v-160.242l76.28-226.006h-66.594l-40.532 154.382h-4.136l-42.568-154.382h-65.99l78.036 233.232z",
          "M503.678 403.442c26.466 0 47.22-6.952 62.346-20.82 15.024-13.952 22.528-32.962 22.528-57.348v-147.186c0-21.682-7.682-39.54-22.984-53.31-15.432-13.738-35.178-20.658-59.268-20.658-26.452 0-47.516 6.544-63.174 19.616-15.626 13.070-23.49 30.586-23.49 52.742v147.69c0 24.222 7.634 43.398 22.904 57.754 15.282 14.326 35.694 21.52 61.138 21.52zM479.554 174.294c0-6.186 2.214-11.182 6.576-15.090 4.526-3.842 10.256-5.698 17.386-5.698 7.682 0 13.902 1.856 18.67 5.698 4.72 3.908 7.080 8.904 7.080 15.090v155.26c0 7.602-2.31 13.656-6.998 18.002-4.656 4.378-10.908 6.512-18.752 6.512-7.7 0-13.624-2.068-17.792-6.446-4.118-4.282-6.186-10.272-6.186-18.084v-155.244h0.016z",
          "M676.42 400.414c10.94 0 22.17-3.124 33.728-9.132 11.704-6.072 22.902-14.976 33.534-26.582v31.58h58.21v-284.932h-58.21v216.27c-5.404 6.186-11.428 11.264-17.906 15.302-6.56 4.004-11.998 6.006-16.278 6.006-5.438 0-9.458-1.48-11.818-4.606-2.394-2.962-3.744-7.846-3.744-14.552v-218.42h-58.114v238.116c0 16.978 3.418 29.674 10.158 38.090 6.87 8.564 16.928 12.86 30.44 12.86z"
        ],
        "attrs": [
          {},
          {},
          {},
          {},
          {},
          {}
        ],
        "isMulticolor": false,
        "isMulticolor2": false,
        "grid": 0,
        "tags": [
          "youtube"
        ]
      },
      "attrs": [
        {},
        {},
        {},
        {},
        {},
        {}
      ],
      "properties": {
        "order": 15,
        "id": 4,
        "name": "youtube",
        "prevSize": 32,
        "code": 59658
      },
      "setIdx": 0,
      "setId": 0,
      "iconIdx": 13
    },
    {
      "icon": {
        "paths": [
          "M844 511.996l-511.694-511.698-152.412 152.43 359.266 359.268-359.266 359.288 152.418 152.418 511.688-511.706z"
        ],
        "attrs": [
          {}
        ],
        "isMulticolor": false,
        "isMulticolor2": false,
        "grid": 0,
        "tags": [
          "chevron-east"
        ]
      },
      "attrs": [
        {}
      ],
      "properties": {
        "order": 16,
        "id": 3,
        "name": "chevron-east",
        "prevSize": 32,
        "code": 59659
      },
      "setIdx": 0,
      "setId": 0,
      "iconIdx": 14
    },
    {
      "icon": {
        "paths": [
          "M511.696 178l-511.696 511.696 152.43 152.41 359.266-359.266 359.288 359.266 152.418-152.418-511.706-511.688z"
        ],
        "attrs": [
          {}
        ],
        "isMulticolor": false,
        "isMulticolor2": false,
        "grid": 0,
        "tags": [
          "chevron-north"
        ]
      },
      "attrs": [
        {}
      ],
      "properties": {
        "order": 6,
        "id": 2,
        "name": "chevron-north",
        "prevSize": 32,
        "code": 59660
      },
      "setIdx": 0,
      "setId": 0,
      "iconIdx": 15
    },
    {
      "icon": {
        "paths": [
          "M511.708 842.104l511.696-511.694-152.43-152.41-359.266 359.264-359.29-359.264-152.418 152.418 511.708 511.686z"
        ],
        "attrs": [
          {}
        ],
        "isMulticolor": false,
        "isMulticolor2": false,
        "grid": 0,
        "tags": [
          "chevron-south"
        ]
      },
      "attrs": [
        {}
      ],
      "properties": {
        "order": 4,
        "id": 1,
        "name": "chevron-south",
        "prevSize": 32,
        "code": 59661
      },
      "setIdx": 0,
      "setId": 0,
      "iconIdx": 16
    },
    {
      "icon": {
        "paths": [
          "M178 512.302l511.696 511.698 152.408-152.43-359.266-359.268 359.266-359.288-152.418-152.418-511.686 511.706z"
        ],
        "attrs": [
          {}
        ],
        "isMulticolor": false,
        "isMulticolor2": false,
        "grid": 0,
        "tags": [
          "chevron-west"
        ]
      },
      "attrs": [
        {}
      ],
      "properties": {
        "order": 3,
        "id": 0,
        "name": "chevron-west",
        "prevSize": 32,
        "code": 59662
      },
      "setIdx": 0,
      "setId": 0,
      "iconIdx": 17
    }
  ],
  "height": 1024,
  "metadata": {
    "name": "msSandbox"
  },
  "preferences": {
    "showGlyphs": true,
    "showCodes": true,
    "showQuickUse": true,
    "showQuickUse2": true,
    "showSVGs": true,
    "fontPref": {
      "prefix": "icon-",
      "metadata": {
        "fontFamily": "msSandbox",
        "majorVersion": 1,
        "minorVersion": 0
      },
      "metrics": {
        "emSize": 1024,
        "baseline": 6.25,
        "whitespace": 50
      },
      "embed": false,
      "showSelector": true,
      "selector": "class",
      "classSelector": ".icon",
      "showMetrics": false,
      "showMetadata": false,
      "showVersion": false,
      "cssVars": true,
      "cssVarsFormat": "scss"
    },
    "imagePref": {
      "prefix": "icon-",
      "png": true,
      "useClassSelector": true,
      "color": 0,
      "bgColor": 16777215
    },
    "historySize": 50
  }
}